{
  "project_info": {
    "project_number": "191971821209",
    "project_id": "contactless-dining-35120",
    "storage_bucket": "contactless-dining-35120.appspot.com"
  },
  "client": [
    {
      "client_info": {
        "mobilesdk_app_id": "1:191971821209:android:2497a61505c00e458e5a08",
        "android_client_info": {
          "package_name": "com.sampsolution.contactlessdining"
        }
      },
      "oauth_client": [],
      "api_key": [
        {
          "current_key": "AIzaSyCd7ID-JZ2vdu36oLj2k4CHNr1hilmHLyA"
        }
      ],
      "services": {
        "appinvite_service": {
          "other_platform_oauth_client": []
        }
      }
    }
  ],
  "configuration_version": "1"
}